INDEX_NUM,NAME,GUGUN,LAT,LNG,ADDR,TEL,TIME,MENU
1,만드리곤드레밥,강서구,35.177387,128.95245,강서구 공항앞길 85번길 13,051-941-3669,11:00-21:00,"돌솥곤드레정식, 단호박오리훈제"
2,만호갈미샤브샤브,강서구,35.101425,128.92914,강서구 르노삼성대로 602,051-271-4389,11:00-21:00,"갈미샤브샤브, 갈미조개삼겹살"
3,민물가든,강서구,35.16055,128.89468,강서구 둔치중앙길5(봉림동) ,051-971-8428,"11:00a.m. ~ 21:00p.m.
(break time 15:00~17:00)","묵은지붕어조림, 붕어찜"
4,부흥식당,영도구,35.085815,129.04071,영도구 절영로 104,051-417-0227,11:00-21:00,"자리돔회, 자리돔물회"
5,사미헌,부산진구,35.159008,129.05666,부산진구 서면문화로 19,051-819-6677,1:00-21:30,"갈비탕, 명장세트"
6,원조할매집,부산진구,35.142147,129.06017,부산진구 골드테마길 10,051-643-5037,10:00-21:30,"낙곱새(낙지/곱창/새우볶음), 각종 사리"
7,가야할매밀면,연제구,35.185196,129.07988,"부산 연제구 월드컵대로 145번길 32
",051-865-8017,11:00a.m. ~ 20:00p.m.,"물 밀면, 비빔밀면
"
8,국제밀면본점,연제구,35.19689,129.07785,연제구 중앙대로1235번길 23-6 ,051-501-5507,10:00-21:00,"물밀면, 비빔밀면"
9,가야밀면,중구,35.098934,129.03122,중구 광복로 56-14,051-246-3314,10:00-21:00,"밀면, 비빔밀면"
10,김해식당,중구,35.09748,129.02994,중구 자갈치로 51-2,051-255-8242,09:30-21:00,"생아구수육, 아구찜"
11,물꽁식당,중구,35.104504,129.0244,중구 흑교로59번길 3,051-257-3230,10:00-22:00,"아구찜, 아구수육"
12,부산명물횟집,중구,35.09714,129.0312,중구 자갈치해안로 55 ,051-245-7617,10:30-15:30 / 16:30-21:30,"회 백밥, 생선회(돔, 광어)"
13,원조한양족발,중구,35.099903,129.02715,부산 중구 광복로 13,051-246-3039,10:00a.m. ~ 01:00a.m.,"족발, 냉채족발"
14,이재모피자,중구,35.102104,129.0306,중구 광복중앙로 31,051-245-1478,11:00-21:30,"치즈크러스트피자, 오븐스파게티"
15,모모스커피,금정구,35.21928,129.08643,금정구 오시게로 20(부곡동),051-512-7034,08:00-18:00,"오늘의 핸드드립, 아메리카노 쇼콜라"
16,배비장보쌈,금정구,35.245174,129.09143,금정구 금정로 239,051-515-2106,11:30-22:00,"배비장보쌈, 모듬보쌈"
17,장수장꼬리곰탕,북구,35.19576,128.99043,북구 사상로 581,051-303-7096,10:30-20:30,"꼬리곰탕, 한우 도가니탕"
18,거대갈비,해운대구,35.161617,129.16696,"해운대구 달맞이길 22
",051-746-0037,11:30–15:00 / 17:00-21:30,"등심(100g), 생갈비(100g)
"
19,금수복국 본점,해운대구,35.16243,129.1645,해운대구 중동1로 43번길23,051-742-3600,"24시간 운영
","은복지리탕, 활복지리탕
"
20,다온,해운대구,35.158123,129.14853,"부산 해운대구 해운대해변로 154
",051-959-0119,"11:30a.m. ~ 22:00p.m.
(break time 15:00~17:30) / (Last order 21:30)","다온상(1인), 송아리(1인)
"
21,동백섬횟집,해운대구,35.160427,129.15468,"해운대구 해운대해변로209번나길 17
",051-741-3888,11:30–22:00,줄가자미(이시가리) (시가)
22,르꽁비브,해운대구,35.176777,129.12552, 해운대구 센텀북대로 60 센텀아이에스타워 110호,051-783-3693,"11:50a.m. ~ 22:00p.m.
(Break Time 15:00~18:00) / (Last order 21:00)","런치, 디너"
23,파니니브런치,사상구,35.12544,128.96982,사상구 엄궁남로 15,0507-1332-2292,10:00-18:00,"아메리칸브런치, 아메리카노"
24,문스시,해운대구,35.17031,129.16615,"부산 해운대구 좌동순환로 43
",051-744-3316,"am 11:30 ~ pm 22:00
15:00~17:30 (break time)
","오마카세 문 스시, 오마카세 스 스시
"
25,할매재첩국,사상구,35.193363,128.98607,사상구 낙동대로1530번길 20-15,051-301-7069,07:00-21:00,"재첩국, 재첩회"
26,예이제,해운대구,35.16123,129.16664, 부산 해운대구 해운대해변로298번길 29 해운대푸르지오시티 2층,051-731-1100,"12:00p.m. ~ 21:20p.m.
15:00~17:30 (break time)","런치, 중코스
"
27,합천일류돼지국밥,사상구,35.16191,128.98045,사상구 광장로 34,051-317-2478,05:30-22:00,"고기국밥, 수육백반
"
28,원조석대추어탕,해운대구,35.2195,129.12512,부산 해운대구 반송로 571번길 5,051-523-7819,08:30a.m. ~ 21:00p.m.,"추어탕, 가오리찜
"
29,웨이브온커피,기장군,35.32225,129.26979,기장군 장안읍 해맞이로 286,051-727-1660,10:00-24:00,"월내 라떼, 브라질 캄포 알레그레 드립 커피"
30,대티물꽁,사하구,35.10239,129.00041,사하구 낙동대로 135번안길15,051-203-4425,11:30-21:30,"아구찜, 코다리찜"
31,원조 18번 완당,서구,35.105713,129.02045,서구 구덕로 238번길 6,051-256-3391,10:30-19:30,"발국수, 완당"
32,원조할매복국,해운대구,35.160915,129.17152,"달맞이길62번길 1
","051-742-2790
","오픈 07:00 / 마감 21:30
(break time 15:00~17:00) 
(Last order 14:00, 20:30)","복지리, 흰밀복수육
"
33,젠스시,해운대구,35.170803,129.17145,해운대구 대천로42번길28-5,051-746-7456,18:00-19:30 / 20:00-22:00,"디너 1인, 콜 키지 병당"
34,신창국밥,서구,35.10093,129.02254,서구 보수대로 53,051-244-1112,09:00-21:00,"왕순대국밥, 수육"
35,옛날 오막집,서구,35.108913,129.0199,서구 구덕로274번길 14,051-243-6973,2:00-21:30,"특양, 대창"
36,평안도족발,해운대구,35.161945,129.16637,"부산 해운대구 달맞이길 14
",051-741-6568,12:00p.m. ~ 24:00a.m.,"족발, 마늘족발
"
37,한우숯불양곱창,해운대구,35.165897,129.17079,"부산 해운대구 해운대해변로 385
",051-741-8969,16:00p.m. ~ 22:00p.m.,"특양(200g), 전골"
38,쌍둥이돼지국밥,남구,35.13177,129.0923,남구 유엔평화로 35-1,051-628-7021,09:00-22:00,"돼지국밥, 수육백반"
39,국이네낙지볶음,수영구,35.168022,129.11382,수영구 연수로 410 ,051-754-7776,10:30-22:30,"낙곱새(낙지/곱창/새우볶음), 각종 사리 "
40,베지나랑,수영구,35.156757,129.13426,수영구 광안해변로370번길 9-32 노블스카이 9층,0507-1416-5561,11:30-15:00 / 17:00-21:00,"흑미콩까스, 아보카도 롤"
41,신라횟집,수영구,35.155254,129.12456,수영구 민락수변로7번길 16,051-753-2800,11:00-20:00,"모둠회(M), 코스(L)"
42,이층집 564-9,남구,35.13028,129.10002,"남구 유엔로217, 2층(대연동)",051-612-5649,"월~토
11:00a.m. ~ 21:00p.m.
15:00~17:00 (break time)
20:00 (Last order) 

수
11:00a.m. ~ 15:00p.m.
14:30 (Last order) ","등심돈까스, 생선까스, 치즈함박스테이크"
43,초원복국,남구,35.137794,129.10591,남구 황령대로492번길 30 ,051-628-3935,09:00-15:00 / 17:00-21:00,"복국, 복수육"
44,석화한정식,동구,35.13881,129.06189,조방로 21,051-632-5005,오픈 11:30 / 마감 21:30,"석화 한정식, 석화고향 한정식"
45,카페초량 1941,동구,35.11969,129.02942,동구 망양로 533-5,051-462-7774,10:30-18:00,"바닐라우유, 생강우유"
46,60년 전통 할매국밥,동구,35.141018,129.05618,동구 중앙대로533번길 4,051-646-6295,10:00-19:00,"따로 국밥, 수육백반"
47,함경면옥,동래구,35.20263,129.08307,충렬대로 213,051-556-2020,오픈 11:00 / 마감 22:00,"냉면, 왕갈비탕, 왕만두 소"
48,김유순대구뽈찜,남구,35.136368,129.09152,남구 진남로15,051-627-4319,11:30-21:00,대구뽈찜
49,백산키친,동구,35.13873,129.06345,동구 조방로14 동일타워 225호,051-635-8219,17:30-01:00,"모듬숙성회, 수비드 스테이크"
50,왔다식당,영도구,35.094036,129.05635,영도구 하나길 811,051-412-2676,08:30-15:00,"스지수육, 스지 된장전골"
51,영변횟집,해운대구,35.1808,129.20293,"부산 해운대구 송정해변로 30
",051-703-7590,11:00a.m. ~ 21:30p.m.,"세꼬시(넙치), 모듬회
"
52,방코,강서구,35.11546,128.92226,"강서구 새진목길 51, 1,2층",051-271-2068,11:30-14:30 / 17:00-20:30,"풍기 트러플 피자 , 무화과 블루치즈 피자"
53,얼크니손칼국수(기장본점),기장군,35.255756,129.21614,부산 기장군 기장읍 차성로 417번길 22,051-721-3487,"am 11:20 ~ pm 21:30
(Last order 20:30) ","얼크니손칼국수, 만두"
54,곤국,남구,35.1477,129.06758,부산 남구 황령대로74번길 51-1,010-2608-6586,"am 11:30 ~ pm 20:00
(break time 14:00~17:30)","한우 곰탕, 한우스지수육"
55,다이닝센 부산본점,남구,35.124435,129.11235,부산 남구 용호로 88,051-621-8833,am 11:30 ~ pm 21:30,"쇠고기 찹스테이크 샐러드, 목살필라프"
56,오륙도 가원,남구,35.106773,129.11171,남구 백운포로 14,051-635-0707,11:30-21:30,"특수부위, 한우모음"
57,한우랑,남구,35.130306,129.0949,부산 남구 유엔로 171,051-621-0334,am 10:00 ~ pm 22:00,"한우 특수부위 (100g), 한우 꽃등심(100g)"
58,해남식당,남구,35.134193,129.11122,남구 분포로 145(용호동 W스퀘어),051-628-2015,"am 11:30 ~ pm 21:00
브레이크타임 15:00 ~ 17:00
라스트 오더 20:30","묵은지수육한판, 옛날김치찌개"
59,범일빈대떡,동구,35.139576,129.05621,동구 중앙대로 519,051-646-0081,15:00-24:00,"빈대떡, 파전"
60,금강만두,동래구,35.196102,129.06027,부산 동래구 사직북로5번길 11,051-502-8784,11:00-20:30,"충무세트(충무김밥+만두국), 육개장"
61,고을산채,영도구,35.093414,129.0448,"부산 영도구 대교로 2번길 7
","051-417-4477
","am 11:30 ~ pm 21:30
","소고기버섯전골, 곱창전골
"
62,석화정,영도구,35.07709,129.07228,영도구 동삼로 42번길 16-11,070-8913-9989,09:00-21:00,"굴국밥, 생굴
"
63,에테르,영도구,35.077286,129.04646,"부산 영도구 절영로 234
","051-263-5055
","10:00-21:00
","랍스터롤, 치킨아보카도롤
"
64,디저트시네마,연제구,35.176273,129.09052,"부산 연제구 쌍미천로 32-1
",051-867-5757,"12:00-재료소진
","오리지널크로아상, 뺑 오 쇼콜라
"
65,북경,연제구,35.18377,129.08086,"부산 연제구 중앙대로 1076번길 11
",051-863-0055,"am 11:00 ~ pm 21:00
15:00~17:00 (Break time)
20:30 (Last order)","짜장면, 짬뽕
"
66,연산낙지해물탕,연제구,35.182316,129.10692,"부산 연제구 과정로 121
",051-758-8838,"am 11:30 ~ pm 21:30
15:00~17:30 (BREAK TIME)","해물탕, 산낙지전골
"
67,웰빙여행,연제구,35.181526,129.07504,"부산 연제구 중앙대로 1043번길 50
",051-864-3455,"am 10:00 ~ pm 21:30
","매생이칼국수, 고기만두
"
68,옻바다전복 삼계탕,연제구,35.18473,129.08128,"부산 연제구 월드컵대로 119번길 16
","051-862-3307
","am 10:00 ~ pm 22:00
","옻삼계탕, 삼계탕
"
69,참참부자,연제구,35.185333,129.08035,"부산 연제구 월드컵대로 145번길 23
",051-851-1969,"am 11:30 ~ pm 22:00
","일식코스, 참치코스
"
70,팔미초밥,연제구,35.184906,129.0818,"부산 연제구 월드컵대로 119번길 8
",051-861-7679,"am 11:30 ~ pm 22:00
","생선초밥, 코스요리
"
71,다리집,수영구,35.146637,129.11076,"수영구 남천바다로10번길 70 101호
",051-625-0130,"11:30–21:00
","떡볶이, A세트"
72,남촌,북구,35.21074,129.00595,북구 금곡대로8번길 14,051-335-9294,11:00-22:00,"흑돼지 한 마리(800g), 흑돼지 반마리(600g)"
73,북경의자전거,북구,35.230934,129.00957,부산광역시 북구 용당로5번길 14,051-902-8282,am 11:30 ~ pm 22:00,"짜장면, 탕수육"
74,식당 3선(덕천점),북구,35.21927,129.00708,부산 북구 금곡대로 112,051-333-0050,"am 11:00 ~ pm 22:00
21:00 (Last order) "," 양념돼지갈비(330g), 고추장돼지갈비(330g)"
75,함경면옥,북구,35.21178,129.00423,부산 북구 금곡대로 21,051-363-5000,am 11:00 ~ pm 21:20,"물냉면, 회비빔면"
76,홍옥당,수영구,35.146893,129.11392,"부산 수영구 남천동로 108번길 49
",051-627-1026,"am 10:00 ~ pm 22:00
","단팥빵, 단팥죽
"
77,디에이블 송도점,서구,35.076706,129.01715,"부산 서구 충무대로 47 3층 
",051-231-9177,"am 11:00 ~ pm 22:00
","디에이블 파스타, 디에이블 피자
"
78,몽실종가돼지국밥,서구,35.10019,129.01718,"서구 까치고개로 197번길 3, 1층",051-256-0133,09:00-21:00,"돼지국밥, 수육"
79,식당 토성동,서구,35.097954,129.02257,"부산 서구 구덕로 124번길 27
",0507-1353-1425,월~금 10:30 ~  20:00 / 토 10:30 ~ 15:00,"한입 스테이크 덮밥, 돈카츠정식
"
80,청죽,서구,35.11293,129.01305,"부산 서구 망양로 23
",051-247-8555,"am 11:00 ~ pm 22:00
(브레이크타임 15:00 ~ 16:30)","스페셜코스, VIP코스 
"
81,편의방,서구,35.11915,129.01625,"서구 대신공원로 13-5
",051-256-2121,11:00-21:00,"삼선만두, 군만두"
82,동원장수촌하단점,사하구,35.10194,128.97113,사하구 동매로 117 B 201호,051-202-4100,"11:00-21:30
","녹두한방백숙, 능이백숙
"
83,포항가자미물회,사상구,35.169525,128.98228,"사상로 275-1
",051-303-6640,"오픈 11:40 / 마감 15:00
","여름물회, 겨울물회
"
84,괘법쭈꾸미,사상구,35.163906,128.98459,광장로81번길 33,051-323-1383,오픈 11:30 / 마감 23:00,웰빙쭈꾸미
85,삼진어묵,영도구,35.092953,129.04279,부산시 영도구 태종로99번길 36 삼진어묵,051-412-5468,월~일 / 9:00~19:00,
86,광명집,남구,35.125664,129.10095,남구 신선로 458,051-621-4376,11:00-22:00,"아구찜, 대구찜"
87,명지첫집,강서구,35.095818,128.92444,강서구 명지국제6로232번길 18,051-202-9599,11:30-15:00 / 17:00-21:00,"쭈꾸미보쌈, 보쌈정식 점심특선 2인"
88,드마히니 더블유스퀘어점,남구,35.13426,129.11124,남구 분포로 145 (W스퀘어 2동),051-621-8118,"오픈 11:30 / 마감 22:00
15:00~17:00 (브레이크타임)
20:30 (라스트오더)","랍스타스튜 43,000원"
89,명품외식 육면정,남구,35.148415,129.09482,남구 황령대로 329,051-623-6667,am 11:30 ~ pm 22:00,"생진갈비살150g, 양념갈비300g, 갈비살양념구이250g"
90,호포갈비 문현점,남구,35.13401,129.06631,남구 우암로 359,051-639-9200,11:30-21:30,"고기, 호포갈비탕"
91,평산옥,동구,35.114292,129.0371,동구 초량중로 26,051-468-6255,am 10:00 ~ pm 20:00,"수육, 국수, 열무국수"
92,공감식당,부산진구,35.16551,129.03838,부산진구 동평로 81,051-891-2041,"월~금 pm 17:00 ~ pm 22:00 / 토~일  am 11:30 ~ pm 22:00 
","선별숙성삼겹살130g, 선별숙성목살130g"
93,다옴 (서면 삼정타워점),부산진구,35.152874,129.05957,"부산진구 중앙대로 672, 삼정타워 5층",051-520-3778,"일~목 / am 11:00 ~ pm 22:00 (라스트오더 21:20)
금~토 / am 11:00 ~ pm 22:30 (라스트오더 21:20)","차돌박이비빔국수, 칼국수, 비빔밥 "
94,당감밀면,부산진구,35.162247,129.03975,부산진구 당감로 5 삼익아파트상가 B동 1층,051-896-0177,"am 11:00 ~ pm 20:00
19:30 (라스트오더) ","밀면, 비빔밀면, 손만두4개/8개, 손칼국수"
95,더브릭하우스,부산진구,35.15917,129.0585,"부산진구 부전로152번길 70, 1층",051-805-7749,pm 17:00 ~ pm 23:00,
96,버거샵,부산진구,35.15856,129.06306,부산진구 동천로 108번길 11,051-911-4960,11:00-20:30,"클래식버거, 베이컨치즈"
97,소수인,부산진구,35.156677,129.05383,부산진구 가야대로750번길 17,051-808-4036,17:00-01:00,시메사바 이소베마키
98,양평칼국수,사하구,35.048454,128.967,사하구 다대로 680-1,051-265-0907,"월~금 /
am 11:00 ~ pm 21:00 
(16:00~17:00 브레이크타임)
(20:00 라스트오더)

토 /
am 11:00 ~ pm 16:00
(15:00 라스트오더) ","양평칼국수, 비빔칼국수, 멸치칼국수, 고기만두"
99,영진돼지국밥,사하구,35.09664,128.95784,사하구 하신번영로157번길 39,051-206-3820,"am 09:30 ~ pm 21:30
(브레이크타임 15:00~17:00)","수육백반, 돼지국밥, 순대국밥,  내장국밥"
100,신흥반점,서구,35.09595,129.02463,서구 충무대로 284-1,051-242-6164,am 11:00 ~ pm 20:00,"짬뽕, 자장면, 깐풍기, 삼선볶음밥"
101,동원 숯불 갈비,연제구,35.188595,129.09715,연제구 과정로276번길 9,051-864-2379,am 12:00 ~ pm 22:00,돼지갈비230g
102,도날드 즉석 떡볶이,영도구,35.085815,129.04295,영도구 꿈나무길 267(1층),051-413-9990,11:00-19:20,"2인Set, 3인Set"
103,영도우,영도구,35.08781,129.06128,영도구 조내기로5번길 2,070-4659-0169,11:30-15:00 / 17:00-20:30,"영도우피자, 청학동파스타"
104,함흥보쌈,영도구,35.08845,129.04108,영도구 남항로 42,051-416-2342,"am 11:00 ~ pm 21:00
(브레이크타임 15:30 ~ 16:00)","모둠보쌈 소/중/대, 함흥냉면, 평양냉면"
105,원산면옥 1953,중구,35.098976,129.03105,중구 광복로 56-8,051-245-2310,11:00-21:30,"평양냉면, 함흥냉면"
106,개미집신도시점,해운대구,35.167637,129.17154,해운대구 좌동로 10번길 51-5,051-744-6446,10:00a.m. ~ 22:00p.m.,"낙지볶음, 곱창전골"
107,오리한상,강서구,35.097855,128.92471,"명지국제9로 66, 지봉빌딩 2층",051-711-0415,"am 11:30 ~ pm 22:00
(브레이크타임 15:00 ~ 17:00)","오리소금구이, 오리양념구이"
108,"오,유미당",금정구,35.241432,129.08784,금정로 187,0507-1372-5101,"am 11:30 ~ pm 21:00
(브레이크 타임 15:30 ~ 17:00) ","토마호크 돈카츠, 치즈 돈카츠, 두부 짬뽕 쌀국수"
109,만포밀면,기장군,35.245934,129.21597,기장읍 차성로 322번길 40,051-722-7516,"am 11:00 ~ pm 20:30
(브레이크타임 15:30 ~ 17:00)","물밀면, 비빔밀면, 찐만두"
110,맛사랑채,기장군,35.24538,129.2147,기장읍 읍내로 93-6,051-722-4210,오픈 11:00 / 마감 21:00,"쌈정식, 고등어조림, 닭도리탕"
111,우정까망촌돼지,사하구,35.08081,128.97154,장림번영로 53,051-261-6021,오픈 11:00 / 마감 22:00,
112,유메,사하구,35.105747,128.96916,낙동대로 456,070-8807-1689,"am 11:30 ~ pm 24:00
(브레이크타임 14:30 ~ 17:00)
(라스트오더 23:30) ",
113,금랑횟집 광안리 본점,수영구,35.155155,129.131,"광안해변로344번길 17-5, 마린리치건물 6층",0507-1400-5209,"am 11:30 ~ pm 23:00
(라스트오더 22:00) ",
114,난파센,수영구,35.14674,129.11339,남천동로108번길 43,051-622-0527,"am 11:30 ~ pm 21:00
(브레이크타임 15:00 ~ 17:00)",
115,화국반점,중구,35.10253,129.0342,중구 백산길3 ,051-245-5305,11:30-15:30 / 17:00-21:00,"탕수육, 간짜장"
116,로얄경양식&스테이크 광안점,수영구,35.153294,129.12462,"민락수변로 29, 2층 201~203호",051-759-8718,오픈 11:30 / 마감 22:00,
117,이정태 본참치,중구,35.10548,129.03526,중구 해관로73,051-463-3737,11:30-14:30 / 17:00-22:30,"특정식, 특초밥"
118,무궁화 식당,수영구,35.14778,129.10925,황령산로8번길 5,051-623-5700,"am 11:30 ~ pm 21:00
(브레이크타임 15:00 ~ 17:00)
(라스트오더 14:00, 20:00)",
119,어가초밥,중구,35.097214,129.02882,자갈치로 41,051-247-3777,"pm 12:00 ~ pm 21:00
(브레이크타임 14:00 ~ 17:00) ",
120,배꼽시계,기장군,35.30255,129.24944,일광면 장곡길 63-14,051-728-6118,오픈 11:30 / 마감 22:00,"황칠유황오리백숙, 능이유황오리백숙, 오리불고기"
121,배가왕,수영구,35.15554,129.13087,광안해변로 348-1,051-758-4200,오픈 11:00 / 마감 21:00,
122,삼정횟집,중구,35.10655,129.03775,중앙대로 98번길 13,051-462-1321,오픈 9:30 / 마감 21:30,
123,변소영 백년밥상,기장군,35.245594,129.2147,기장읍 읍내로 93-8,051-721-8922,오픈 08:00 / 마감 20:00,"소불백정식, 맛조은순두부, 차돌된장찌개"
124,사랑도 횟집,기장군,35.247726,129.21346,기장읍 차성로 337-1,051-722-7001,오픈 11:30 / 마감 21:00,"자연산회, 앙장구비빔밥, 물회"
125,삼송초밥,중구,35.099678,129.02986,중구 광복로55번길 13,051-245-7870,11:00-14:30 / 16:30-21:00,"김초밥(후토마끼), 초밥 정식 특선"
126,솔리보,기장군,35.26711,129.23145,"일광면 해송4로 21, 201호",051-723-4400,오픈 11:30 / 마감 21:00,"포모도로파스타, 새우로제파스타, 부채살스테이크"
127,부산족발,중구,35.09956,129.02664,중구 광복로 13-1,051-245-5359,10:00-24:00,"족발, 냉채족발"
128,시티바캉스,수영구,35.15693,129.11592,광안로 21번가길 11-1,051-755-1101,오픈 11:00 / 마감 21:00,
129,PHOever Yum(포에버얌),기장군,35.282776,129.2583,일광면 문오성길 43,051-721-3645,오픈 11:30 / 마감 20:00,"왕갈비쌀국수, 분짜, 새우튀김롤"
130,물레방아 즉석구이,중구,35.10104,129.03513,중구 중앙대로41번길 11-1,051-245-1195,11:30-15:00 / 17:00-24:00,"안금무, 소금구이"
131,양귀빈 식당 3호점,수영구,35.163265,129.116,수영로646번길 15,051-756-0840,오픈 17:00 / 마감 23:00,
132,고민끝에여기,동구,35.112698,129.03706,"대영로239번길 12, 1층",051-442-1592,오픈 12:00 / 마감 20:00(재료 소진 시 마감),"통새우브리또 1인세트, 돼지고기 퀘사디아&미니샐러드, 새우타코 2조각"
133,명송초밥,중구,35.101738,129.03586,해관로 32,051-246-1225,오픈 11:30 / 마감 22:00,
134,다께,동구,35.138863,129.06076,범일로102번길 12,051-631-6891,오픈 11:30 / 마감 22:00,"죽 회석요리, 특별 회석요리1, 특별 회석요리2"
135,남포삼계탕,중구,35.098812,129.03049,남포길 16,051-245-5075,오픈 10:30 / 마감 22:00,
136,지에이비148,수영구,35.145763,129.11497,"광안해변로 122, 삼익비치B상가 2층",051-791-0148,"일~금 am 11:30 ~ pm 22:30
토 am 11:30 ~ pm 23:00",
137,대수정,동구,35.140755,129.06291,자성로 133번길 46,051-647-0147,오픈 10:30 / 마감 21:30,"솥밥정식, 갈비찜정식, 한우따닥정식"
138,목장원,영도구,35.07162,129.05736,영도구 절영로 355,051-404-5000,11:30-21:30,"한우등심, 한우양념구이"
139,톤쇼우,수영구,35.15631,129.12474,광안해변로279번길 13,051-752-7978,오픈 11:30 / 마감 21:00,
140,그라치에,영도구,35.089043,129.06154,영도구 청학동로 12,070-4150-9999,11:30-15:00 / 17:00-21:30,"감자뇨끼, 오징어먹물리조또"
141,황해도 본점,수영구,35.1407,129.109,수영구 수영로394번길 35-3,0507-1427-0507,16:00-23:00,"주안상, 만두전골"
142,프라한,수영구,35.146706,129.11386,남천동로108번길 52,0507-1362-8935,오픈 9:30 / 마감 17:00,
143,동촌황정순수육전골,동구,35.13937,129.06071,조방로39-12,051-637-7178,오픈 10:00 / 마감 22:00,"수육전골, 샤브샤브"
144,소우닭계,동구,35.13942,129.0646,조방로 16번길 20,051-633-2292,오픈 11:00 / 마감 21:30,"매운 찜갈비 정식, 왕갈비탕, 한우 육개장"
145,양지추어탕,동구,35.130672,129.04565,중앙대로371번길 70-4,051-467-3924,오픈 11:00 / 마감 20:00,"추어탕, 추어튀김, 코다리찜"
146,오스테리아비비,동구,35.12526,129.03906,동구 홍곡남로18번길 5,네이버를 통한 예약만 가능,네이버 참고,"프로슈토 피자, 단일코스 1인"
147,웅복,동구,35.130657,129.0478,"진성로28번길 19, 1층",051-632-2019,"am 11:30 ~ pm 21:30 
(브레이크타임 15:00 ~ 17:00) ","복코스, 복불고기정식, 은복"
148,초량통닭,동구,35.118904,129.03996,초량로 15,051-468-2738,오픈 16:00 / 마감 21:30,"후라이드, 닭도리탕, 백숙"
149,코카모메 초량점,동구,35.116886,129.0351,영초윗길20,051-711-1755,오픈 11:30 / 마감 20:30,"코카모메텐동, 에비텐동, 스페셜텐동"
150,홍성방,동구,35.113834,129.03781,동구 중앙대로 179번길 16,051-467-5398,11:00-15:00 / 17:00-21:30,"물만두, 오향장육"
151,가두리닭숯불구이,동래구,35.204994,129.07947,충렬대로179번길 27-3 1층,051-556-1230,오픈 17:00 / 마감 02:00,"닭구이 6가지 부위 중 3가지 선택 소금구이, 양념구이"
152,먹음직,동래구,35.19219,129.1003,온천천로431번길 4-1,051-532-2888,"월~금 / pm 16:00 ~ pm 23:00
토~일 / pm 12:00 ~ pm 23:00 ",
153,미미루,동래구,35.219486,129.08296,온천장로 91-1,051-555-6609,"am 11:30 ~ pm 22:00
(브레이크타임 15:00 ~ 17:00) 
(라스트오더 21:00)","짜장면, 볶음밥, 탕수육"
154,밀보스79,동래구,35.2058,129.08028,명륜로129번나길 11  ,051-555-8568,오픈 12:00 / 마감 02:00,"화덕 큐브스테이크, 게새피자, 생면 로제 파스타"
155,순이네곱창,동래구,35.198902,129.09865,충렬대로 359번길 24,051-621-8899,오픈 15:00 / 마감 24:00,"솔잎양념곱창구이, 한우곱창전골"
156,세연정,동래구,35.20514,129.07704,충렬대로 149,051-506-6666,오픈 11:30 / 마감 22:00,"특갈비살, 양념갈비 2대, 갈비살소금구이"
157,조방낙지마당,동래구,35.19913,129.05907,사직북로47번길 14-4,051-505-0708,오픈 10:30 / 마감 21:00,"낙지볶음, 낙새, 낙곱"
158,초록담미역국,동래구,35.194927,129.05788,"동래구 사직로 73, 2층",051-505-5255,10:00-14:30 / 15:20-20:30,"조개미역국, 한우 미역국"
159,타이빈,동래구,35.216263,129.0773,동래구 금강로73번길 12,051-558-8885,11:00-15:00 / 17:00-22:00,"크랩 팟 퐁 커리, 뿌님 팟 퐁 커리, 탈래 팟 프릭 파우"
160,경찰서 옆 초밥집,부산진구,35.159702,129.05392,부전로 111번길 15,051-818-3189,오픈 17:00 / 마감 22:30,"추천초밥 12p, 광어+연어초밥 10p, 생선턱살구이"
161,동백아가씨1961,부산진구,35.158566,129.064,서전로37번길 18,070-7612-1961,오픈 11:30 / 마감 21:00,"빨간동백떡볶이, 하얀동백떡볶이, 떡꼬치"
162,로위버거,부산진구,35.156338,129.06004,"서전로10번길 31-4, 1층",070-4467-4090,오픈 11:30 / 마감 20:30,"새우버거, 와우웅버거, 시그니처 감자튀김"
163,장어촌,부산진구,35.15863,129.05667,부산진구 부전로96번길 36,051-803-9617,11:00-23:00,"민물장어구이, 바다장어구이"
164,전통음식점 원양,부산진구,35.172222,129.06995,동평로 420번길 23,010-4545-0773,오픈 11:00 / 마감 22:30,
165,항정살구공탄,부산진구,35.165436,129.03777,동평로 75,051-891-6339,월~토 pm 17:00 ~ am 01:30 / 일  pm 17:00 ~ am 01:00,"항정살, 마늘항정살, 껍데기"
166,금용,북구,35.205463,128.99666,구포만세길 75,051-332-1261,오픈 10:30 / 마감 20:30,"찐만두, 군만두, 오향장육"
167,웅천집,북구,35.26257,129.0153,금곡대로616번길 7-14,051-332-8740,오픈 11:30 / 마감 22:00,"향어회, 메기매운탕, 장어구이"
168,이종임 전복뚝배기,북구,35.230835,129.00897,화명대로 12번길 91,051-365-0022,오픈 10:00 / 마감 22:00,"전복한우갈비찜, 전복해물탕, 전복버터구이"
169,평양집,북구,35.212116,129.00589,금곡대로 20번길 21,051-331-5455,오픈 11:00 / 마감 17:00,"만두백반, 만두전골, 녹두전"
170,대왕불맛,사상구,35.17614,128.99005,"덕상로 54, 1층",051-303-5755,pm 16:00 ~ am 01:00,"막창반 곱창반, 불막창, 불곱창"
171,올리브장작,사상구,35.162926,128.98746,광장로 101,051-312-3399,오픈 11:30 / 마감 21:20,"해물오일파스타, 카프레제샐러드, 마르게리따 피자"
172,전골[그집],사상구,35.149475,129.00208,"가야대로 268-15, 1층",051-323-7988,오픈 12:00 / 마감 22:00,"얼큰한차돌박이전골, 차돌박이 숙주볶음, 비빔골뱅이"
173,하오츠,사상구,35.155018,128.99106,"학감대로270, 1층 104호",0507-1435-8890,오픈 11:30 / 마감 22:00,"삼선짬뽕, 탕수육, 칠리새우"
174,함양본가어탕국수,사상구,35.159695,128.98518,사상로181번길36,051-312-4321,오픈 9:30 / 마감 22:00,"어탕국수, 참깨메기매운탕"
175,오공떵번,사하구,35.105663,128.9738,"승학로 50, 1층",051-292-4441,오픈 11:00 / 마감 21:00,"후띠우, 분짜, 넴"
176,옥미아구찜 하단점,사하구,35.105244,128.9706,승학로2번길 34,0507-1362-9939,오픈 10:00 / 마감 21:00,"아구찜, 해물아구찜"
177,우연횟집,사하구,35.11137,128.96355,"낙동대로535번길18, 1층",0507-1461-0813,오픈 18:00 / 마감 24:00,"모듬회, 활어회"
178,마파람 해물찜 해물탕 구서본점,금정구,35.244667,129.08856,금정구 금강로 418 2층,051-557-5577,11:00-15:00 / 16:30-10:30,"해물찜, 해물탕"
179,청해수산,영도구,35.092476,129.0438,영도구 태종로 113번길 35,051-412-6888,12:30-22:00,"모듬회, 제철 활어 (싯가)"
180,궁중해물탕 조씨집,남구,35.13556,129.09119,남구 진남로 7-11,051-627-4749,11:30-15:00 / 17:00-22:00,"백년해물탕, 팔뚝탕"
181,까치횟집,수영구,35.155018,129.13171,수영구 광안해변로344번길 17-20 풍경타워,0507-1400-5663,10:30-22:30,"A코스, 모둠회"
182,미청식당,기장군,35.260254,129.2332,기장군 일광읍 기장해안로 1303,051-721-7050,10:00-15:30 / 17:00-20:30,"앙장구 비빔밥, 참가자미 물회"
183,피아크 카페 앤 베이커리,영도구,35.08665,129.077,영도구 해양로 195번길 180 4층,051-404-9204,0:00-23:00,"마일드블루돌체라떼, 피아크 몽블랑"
184,큐제,금정구,35.26486,129.08542,금정구 금샘로 470-1 1층,0507-1392-8489,10:30-20:30,"크로아상, 바게트"
185,커피스가모 인 서면,부산진구,35.15878,129.05403,부산진구 가야대로 755번길 23 1층,051-818-1007,10:30-22:00,"사이폰커피(블렌딩), 생크림케이크"
186,칠암사계,기장군,35.299957,129.25919,기장군 일광읍 칠암1길 7-10,0507-1318-4900,10:00-21:00,"소금빵, 칠암돌만주"
187,초량온당,동구,35.123413,129.04155,"동구 초량중로 135, 1층",0507-1318-1271,12:00-19:00,"맘모스, 크럼블"
188,원조 바다집,중구,35.100822,129.0299,중구 광복로 43번길 18-5,051-245-1924,11:00-21:30,"수중전골, 낙지볶음 "
189,이흥용과자점 부산대점,금정구,35.23029,129.08397,금정구 부산대학로 63번길 30,051-711-4454,08:30-21:00,"소금빵, 명장전병"
190,소문난 원조 조방낙지,동래구,35.203987,129.08392,동래구 명륜로 94번길 37,051-555-7763,11:00-15:00 / 17:00-21:00,"낙곱새(낙지/곱창/새우볶음), 각종 사리"
191,오대양횟집,사상구,35.150047,129.01125,사상구 주례로 12,051-327-9463,11:00-22:30,"모듬회, 생삼겹"
192,오륙도 낙지 범일본점,동구,35.136383,129.05554,동구 정공단로 46-1,051-638-1589,10:00-21:00,"낙곱새볶음, 해물 연포탕"
193,일미아구찜,기장군,35.25894,129.24767,기장군 일광읍 학리등대로 102 ,051-724-3318,10:30-20:40,"아구찜, 아구수육"
194,제주복국,영도구,35.07098,129.06885,영도구 절영로 481,051-405-5050,10:00-15:00 / 17:00-20:00,"까치복 지리/매운탕, 참복 지리/매운탕"
195,1966정원,강서구,35.028156,128.81578,강서구 가덕해안로 787-1,051-971-9925,11:00-15:30,"블랙 쉬림프 버거, 클래식버거"
196,용호할매팥빙수단팥죽,남구,35.124126,129.11104,남구 용호로 90번길 24,051-623-9946,09:00-22:00,"팥빙수, 단팥죽"
197,올드머그,해운대구,35.17039,129.19714,"해운대구 송정구덕포길 122, 1층",051-704-9004,06:30-24:00,"시나몬 크림라떼, 스페셜티 아메리카노"
198,아데초이,기장군,35.286453,129.25821,기장군 일광읍 문오성길 162-1,070-8804-1355,09:00-22:00,"크로아상 샌드위치, 생과일 파이"
199,빌라 빌레쿨라,동래구,35.198376,129.06964,동래구 여고로 63번 나길 8,0507-1379-0100,12:00-19:00,"퐁당오쇼콜라 + 아메리카노, 팬케이크 + 아메리카노"
200,브리타니,강서구,35.037563,128.81287,강서구 가덕해안로 663,0507-1368-4172,11:00-19:00,"레몬 소르베, 마르게리따 피자"
201,브레이크인 커피,기장군,35.340794,129.17773,기장군 정관읍 병산로 117,051-728-7081,10:00-22:00,"아메리카노, 수박식빵"
202,브레드 365,남구,35.135845,129.08633,남구 못골로 41번길 13 상가 205동 101호,051-711-1951,11:00-19:00,"잠봉샌드위치, 리브치아바타"
203,보리종파티세리 본점,금정구,35.233204,129.09138,금정구 중앙대로 1667 1층,051-513-5200,08:30-22:00,"소금빵, 단호박무화과 바스켓"
204,바우노바,중구,35.099163,129.03558,중구 광복로 97번길 6,051-253-3757,07:30-22:00,"아메리카노, 카페라떼"
205,해운대 암소갈비집,해운대구,35.163273,129.16663,해운대구 중동2로10번길 32-10,051-746-3333,11:30-15:10 / 16:30-22:00,"생갈비, 양념갈비"
206,풍원장 고기정찬,해운대구,35.15967,129.18253,해운대구 달맞이길117번가길 175,0507-1378-9024,11:00-15:00 / 17:00-21:30,"한우암소생갈비(1+, 1++), 한돈돼지갈비"
207,포맨티코,금정구,35.22843,129.08781,금정구 장전로 12번길 16,051-583-2682,11:30-15:00 / 16:30-21:00,"A set(2인), B set(2인)"
208,명란브랜드연구소,동구,35.1171,129.03499,동구 영초윗길 22-1,051-463-9182,10:00-21:00,"명란뵈르, 명란오일스파게티"
209,육화목 소고기,해운대구,35.16929,129.17072,해운대구 좌동순환로8번길 78,051-743-5747,16:00-23:00,"대패삼겹, 꽃등심"
210,어밤부,해운대구,35.17372,129.19667,해운대구 송정광어골로 87,051-702-8183,11:00-15:00 / 17:00-21:00,"팟타이, 푸팟퐁커리"
211,우토피아,수영구,35.15517,129.12115,수영구 광안해변로 249 3층,0507-1388-3199,17:00-23:00,"2인set, 뼈밥"
212,우봉,해운대구,35.157097,129.14835,해운대구 마린시티1로 155 상가 2층,051-746-9256,11:30-15:00 / 17:00-22:00,"한우 숙성등심, 한우차돌샤브전골"
213,굿모닝홍콩,부산진구,35.158752,129.06444,부산진구 서전로 47번길 19,010-6444-3724,12:00-20:00,"탄탄면, 토닭볶"
214,버거인뉴욕,해운대구,35.16093,129.16469,해운대구 해운대해변로298번길 9,051-743-0144,10:30-21:00,"뉴욕버거 싱글패티, 스페셜버거"
215,반핀,부산진구,35.15839,129.06279,부산진구 동천로 108번길 9,051-911-6222,11:30-16:00 / 17:00-21:00,"차슈덮밥, 마파두부"
216,복성반점,사하구,35.103638,128.96245,사하구 하신중앙로 289,051-291-7834,10:30-20:00,"짬뽕, 탕수육"
217,쉐프리,해운대구,35.159615,129.15382,해운대구 해운대해변로209번길 13 바게트호텔 3층,051-757-6127,12:00-15:00 / 17:30-22:00,"앤초비 파스타, 고르곤졸라 피자"
218,부우사안,해운대구,35.160133,129.1545,해운대구 해운대해변로209번나길 16,051-741-3310,11:30-15:00 / 17:00-22:00,"당일 예약 베이징덕, 런치세트B"
219,스톤스트릿,중구,35.102036,129.03119,중구 광복중앙로 24번길 9,051-254-7736,12:00-21:00,"청포도 샐러드, 마르게리따 피자"
220,산동완탕교자관,동구,35.119602,129.04268,동구 중앙대로248번길 3-11 (1층),070-8240-2385,10:00-22:00,"가지요리, 마파두부"
221,삼형제오리,영도구,35.09349,129.03928,영도구 태종로 73번길 23,051-417-7043,12:00-14:00 / 15:00-22:00,"양꼬치 2인, 오리바베큐"
222,석기시대,중구,35.106155,129.03487,중구 동광길 75-1,010-2334-0358,15:00-22:00,"오향장육, 군만두 "
223,음주양식당 오스테리아 어부,부산진구,35.153934,129.06258,부산진구 동천로58 ,051-802-8858,17:00-14:30 / 17:00-24:00,"나폴리식 갯바위 파스타, 로마식 까르보나라"
224,칸웨이,강서구,35.08141,128.90326,강서구 명지오션시티4로 84,051-271-7173,11:00-15:00 / 17:00-22:00,"요리코스1, 돼지고기탕수육"
225,고옥,수영구,35.143585,129.10974,수영구 광남로 6 남천동 12-8번지,0507-1360-1638,11:30-15:00 / 17:00-21:00,"히츠마부시, 아나고 히츠마부시"
226,글라스 앤 보틀,연제구,35.188755,129.0872,연제구 쌍미천로 179-1,051-852-8598,"18:00-24:00
","들기름 명란 카펠리니, 네기도로 타르타르"
227,앙탄,강서구,35.204876,128.90659,강서구 식만로 118-1,0507-1487-3122,11:30-16:00 / 17:00-20:30,오리코스요리
228,교토돈부리본점,남구,35.137672,129.10362,남구 용소로13번길 61,051-622-1919,11:00-16:00 / 17:00-20:30,"연어뱃살덮밥, 가츠동벤또"
229,나가하마 만게츠,해운대구,35.16669,129.15746,해운대구 우동1로 57 대영빌딩1층,051-731-0886,11:00-15:30 / 16:30-20:30,"나가하마 라멘, 나가하마 라멘 교자셋트"
230,노는바다,수영구,35.140026,129.10835,수영구 황령대로 481번길 39 1층,051-992-3838,17:00-24:00,"고노와다 사시미, 수제치킨가라아게"
231,동경밥상,수영구,35.148396,129.11385,수영구 남천바다로 34-6,0507-1320-1428,11:30-15:00 / 17:30-21:00 ,"우나쥬, 히츠마부시"
232,슌,기장군,35.25241,129.217,기장군 기장읍 차성동로 163,051-724-3737,12:00-14:30 / 17:00-21:30,"점심특선 한 접시, 저녁 한 접시"
233,스시미르네,해운대구,35.17129,129.17677,해운대구 세실로 75 ,051-703-5623,11:30-14:30 / 17:00-21:00,"물회소바 중, 명품초밥"
234,스시심 타카이,금정구,35.230793,129.08801,금정구 부산대학로 29 네오스퀘어 2층,010-2847-3576,12:00 / 14:00 / 18:00 / 20:00,"런치, 디너"
235,야스마루,부산진구,35.15605,129.06439,"부산진구 서전로 38번길 35-14, 제일빌딩 102호",010-7144-7600,12:00-14:50 / 17:30-21:00,"파랑국수, 고등어김말이"
236,중앙모밀,중구,35.101845,129.0353,중구 중앙대로 49번길 9-1 ,051-246-8686,11:00-20:00,"모밀국수, 가락우동"
237,킹콩스시,수영구,35.1689,129.11972,수영구 구락로 8-4,051-751-5036,11:00-15:00 / 17:00-21:30,"모듬초밥, 특선초밥"
238,타이가 텐푸라,해운대구,35.164764,129.1584,해운대구 우동1로 38번가길 15,051-731-1914,11:00-15:30 / 17:00-20:00,"타이가텐동, 토리텐동"
239,톤쇼우 부산대점,금정구,35.230446,129.08427,금정구 금강로 247-10,010-5685-5482,11:30-21:00,"버크셔K 특 로스카츠, 히레카츠"
240,삼성밀면,부산진구,35.181423,129.05115,부산진구 월드컵대로449번길 47,"051-806-1256
",11:00-16:00/17:00-20:00,"밀면, 주물럭"
241,부산약콩밀면,남구,35.123108,129.11333,남구 동명로145번길 80 1층,051-611-1231,11:00-15:30/17:00-20:00,"물밀면, 물비빔밀면 "
242,면채움,금정구,35.24463,129.0901,금정구 금정로231번길 11 ,051-513-4443,10:30-21:00,"밀면, 비빔만두"
243,대연밀면,남구,35.13132,129.08981,남구 천제등로 55(1층) ,051-623-6120,11:00-15:30 / 15:30-18:00,"비빔밀면, 들깨칼국수"
244,합천국밥집,남구,35.111244,129.11125,남구 용호로 235,051-628-4898,09:00-14:00 / 14:30-20:00,"돼지국밥, 수육"
245,정짓간,사하구,35.095695,128.96248,사하구 비봉로 6 1층,051-293-2900,24시간,"돼지국밥, 막국수"
246,우리돼지국밥,동구,35.11995,129.03925,동구 초량로 27-1 ,051-468-5623,24시간,"돼지국밥, 모듬수육"
247,영진식당,사하구,35.096634,128.95787,사하구 하신번영로157번길 39,051-206-3820,09:30-15:00 / 17:00-21:30,"수육백반, 돼지국밥"
248,수복돼지국밥,연제구,35.1859,129.0869,연제구 고분로 41-1 2층,051-866-3349,08:00-22:00,"수육백반, 돼지국밥"
249,부광돼지국밥,중구,35.104244,129.03506,중구 대청로 141번길 15-1,051-466-1708,09:30-20:00,"돼지국밥, 수육"
250,수향밥상,사하구,35.053585,128.97047,사하구 다대로 592,051-266-4726,09:00-16:00/16:30-22:00,"추어탕, 갈비탕"
251,해물왕창칼국수,사상구,35.1727,128.98376,사상구 사상로 316,0507-1357-2579,11:00-21:30,"해물왕창칼국수(2인부터 주문), 육전물밀면"
252,할매재첩국,수영구,35.151875,129.11638,수영구 광남로120번길 8,0507-1400-7658,06:00-21:00,"재첩정식, 재첩덮밥"
253,동래할매파전,동래구,35.204575,129.08385,동래구 명륜로 94번길 43-10,051-552-0792,11:30-15:00 / 17:00-21:00,"동래할매파전, 동래고동찜"
254,박해윤 통영 해물밥상,동래구,35.191082,129.10825,동래구 연안로 38,051-525-0120,11:00-15:00 / 16:00-22:00,"해물밥상, 보리굴비밥상"
255,원조꼬리곰집,동래구,35.216038,129.08095,동래구 온천장로 52,051-552-1106,08:30-21:30,"한우 꼬리수육, 꼬리탕"
256,삼락하동재첩국,사상구,35.19344,128.98584,사상구 낙동대로1518번길 33,051-301-7200,05:00-21:30,"재첩국 정식, 재접회"
257,하기연진주냉면,사하구,35.102787,128.9677,사하구 괴정로 32,051-207-6555,10:30-20:30,"물비빔냉면, 소육전"
258,장안집,중구,35.369785,129.24432,기장군 장안읍 장안로 365,051-727-1819,11:00-20:30,"오리불고기, 오리백숙"
259,이가네 칼국수,사상구,35.163177,128.97974,사상구 광장로 27,051-322-8131,11:00-21:00,"손칼국수, 왕만두"
260,이가네 떡볶이,중구,35.10156,129.02602,중구 부평1길 48,051-245-0413,10:00-재료소진,"떡볶이 1인분, 떡튀 1인분 "
261,우성삼계탕,수영구,35.16719,129.11409,수영구 광서로10번길 68,051-751-2984,11:00-20:00,"삼계탕, 똥집 추가"
262,몽뜰,동래구,35.210857,129.07614,동래구 중앙대로 1381번길 33 ,051-556-5999,11:30-22:20,"육회 비빔밥, 차돌 된장찌개"
263,조광심민속왕순대,동래구,35.20074,129.09787,동래구 반송로 223,051-527-3927,04:00-21:00,"막창 피순대, 술국"
264,할매집회국수,중구,35.09885,129.03146,중구 남포길 25-3,051-246-4741,10:00-19:00,"회비빔국수, 회비빔밥"
265,가미가식당,중구,35.099144,129.03244,중구 광복로67번길 11,051-246-7999,11:00-22:00,"갈치 구이, 갈치/병어 조림"
266,나탄약선요리,부산진구,35.18711,129.04843,부산진구 성지곡로 51번길 4,051-504-7733,11:30–15:00 / 17:00-21:30,"아름다울“나”, 너그러울“탄”"
267,부다면옥,해운대구,35.162384,129.16298,해운대구 중동1로 36 2층,051-746-8872,11:00-20:00,"순 메밀 냉면, 맛보기 한우 수육"
268,본 고갈비,동래구,35.20054,129.08878,동래구 충렬대로 272번길 2,051-553-5892,08:00-21:30,"고갈비, 한우 불고기"
269,88돼지갈비,동구,35.128063,129.04562,동구 고관로 101-1,051-468-3065,11:00-22:00 ,양념돼지목살
270,돌솥밥집,중구,35.099976,129.02908,중구 광복로 37번길 7-1,051-246-3888,11:00-15:30 / 16:10-19:00,"순두부찌개 돌솥비빔밥, 된장찌개 돌솥비빔밥"
271,맹여사육전육회,사상구,35.165836,128.9835,사상구 광장로81번길 79 2층,0507-1372-5203,16:00-02:00,"육회, 육전"
